<?xml version="1.0" encoding="utf-8"?>
<!DOCTYPE dmh SYSTEM "200701.dtd">
<cn_notice_info>
  <notice_name name="通知书名称">缴费通知书</notice_name>
  <postcode name="邮编">100088</postcode>
  <address_info name="收件人地址">北京市海淀区西土城路13号蓟门文体招待所1层2号 北京金智普华知识产权代理有限公司</address_info>
  <receiver_name name="收件人姓名">皋吉甫</receiver_name>
  <notice_sent name="通知书发文信息">
    <notice_sent_serial name="发文序列号">2016030200187560</notice_sent_serial>
    <notice_sent_date name="发文日期">20160307</notice_sent_date>
    <notice_sent_type name="发文类型">0</notice_sent_type>
  </notice_sent>

  <application_number name="申请号或专利号">2013200610111</application_number>
  <applicant_info name="申请人信息">
    <applicant_name seq="1" name="申请人名称">抚顺顺特化工有限公司</applicant_name>
  </applicant_info>

  <invention_title name="发明创造名称">一种甲酸乙酯萃取精馏设备</invention_title>
  <patent_agency name="代理机构信息">
    <agency_name name="代理机构名称">北京金智普华知识产权代理有限公司</agency_name>
    <agency_code name="代理机构代码">11401</agency_code>
    <agent_info seq="1" name="第一代理人信息">
      <agent_name name="代理人姓名">皋吉甫</agent_name>
      <agent_workid name="代理人工作证号">1140100988.2</agent_workid>
      <agent_phone name="代理人电话">010-62367180</agent_phone>
    </agent_info>

    <agent_info seq="2" name="第二代理人信息">
      <agent_name name="代理人姓名"/>
      <agent_workid name="代理人工作证号"/>
      <agent_phone name="代理人电话"/>
    </agent_info>
  </patent_agency>

  <pay_deadline_date name="缴费截止日期">20160801</pay_deadline_date>
  <fee_info>
    <fee seq="1">
      <pay_start_time name="缴费开始时间">20160302</pay_start_time>
      <pay_end_time name="缴费截止时间">20160401</pay_end_time>
      <annual_fee name="年费">270.0</annual_fee>
      <late_fee name="滞纳金额">45.0</late_fee>
      <totle_fee name="费用总金额">315.0</totle_fee>
    </fee>

    <fee seq="2">
      <pay_start_time name="缴费开始时间">20160402</pay_start_time>
      <pay_end_time name="缴费截止时间">20160503</pay_end_time>
      <annual_fee name="年费">270.0</annual_fee>
      <late_fee name="滞纳金额">90.0</late_fee>
      <totle_fee name="费用总金额">360.0</totle_fee>
    </fee>

    <fee seq="3">
      <pay_start_time name="缴费开始时间">20160504</pay_start_time>
      <pay_end_time name="缴费截止时间">20160601</pay_end_time>
      <annual_fee name="年费">270.0</annual_fee>
      <late_fee name="滞纳金额">135.0</late_fee>
      <totle_fee name="费用总金额">405.0</totle_fee>
    </fee>

    <fee seq="4">
      <pay_start_time name="缴费开始时间">20160602</pay_start_time>
      <pay_end_time name="缴费截止时间">20160701</pay_end_time>
      <annual_fee name="年费">270.0</annual_fee>
      <late_fee name="滞纳金额">180.0</late_fee>
      <totle_fee name="费用总金额">450.0</totle_fee>
    </fee>

    <fee seq="5">
      <pay_start_time name="缴费开始时间">20160702</pay_start_time>
      <pay_end_time name="缴费截止时间">20160801</pay_end_time>
      <annual_fee name="年费">270.0</annual_fee>
      <late_fee name="滞纳金额">225.0</late_fee>
      <totle_fee name="费用总金额">495.0</totle_fee>
    </fee>
  </fee_info>

  <annual_year name="缴费年费年度">4</annual_year>
  <examiner_name name="审查员">邓玉洁</examiner_name>
  <department name="审查部门">专利局初审及流程管理部</department>
  <phone name="联系电话">62356655</phone>
  <notice_template_code name="通知书模板代码">200701</notice_template_code>
  <notice_version name="通知书版本号">2010.4</notice_version>
</cn_notice_info>

