<?xml version="1.0" encoding="UTF-8"?>
<!DOCTYPE dmh SYSTEM "20002101.dtd"><cn_notice_info>
  <notice_name name="通知书名称">费用减缓审批通知书</notice_name>
  <postcode name="邮编">100088</postcode>
  <address_info name="收件人地址">北京市海淀区西土城路13号蓟门文体招待所1层2号</address_info>
  <receiver_name name="收件人姓名">北京金智普华知识产权代理有限公司 皋吉甫</receiver_name>
  <notice_sent name="通知书发文信息">
    <notice_sent_serial name="发文序列号">2016030701005790</notice_sent_serial>
    <notice_sent_date name="发文日期">20160307</notice_sent_date>
    <notice_sent_type name="发文类型">0</notice_sent_type>
  </notice_sent>

  <application_number name="申请号或专利号">2016201697493</application_number>
  <applicant_info name="申请人信息">
    <applicant_name seq="1" name="申请人名称">北京蓝天航空科技股份有限公司</applicant_name>
  </applicant_info>

  <invention_title name="发明创造名称">自动油门执行机构</invention_title>
  <patent_agency name="代理机构信息">
    <agency_name name="代理机构名称">北京金智普华知识产权代理有限公司</agency_name>
    <agency_code name="代理机构代码">11401</agency_code>
    <agent_info seq="1" name="第一代理人信息">
      <agent_name name="代理人姓名">皋吉甫</agent_name>
      <agent_workid name="代理人工作证号">1140100988.2</agent_workid>
      <agent_phone name="代理人电话">010-62369573</agent_phone>
    </agent_info>

    <agent_info seq="2" name="第二代理人信息">
      <agent_name name="代理人姓名"/>
      <agent_workid name="代理人工作证号"/>
      <agent_phone name="代理人电话"/>
    </agent_info>
  </patent_agency>

  <cost_slow_req_date name="费减请求日期">20160304</cost_slow_req_date>
  <cost_slow_mes name="费减记录">申请费，自授予专利权当年起六年的年费按70％的比例减缓；复审费按60％的比例减缓。</cost_slow_mes>
  <pay_deadline_date name="缴费截止日期">20160504</pay_deadline_date>
  <fee_info_all name="所有费用信息">
    <fee_info name="费用信息">
      <fee seq="1">
        <fee_name name="费用种类">权利要求附加费</fee_name>
        <fee_amount name="金额">0</fee_amount>
      </fee>

      <fee seq="2">
        <fee_name name="费用种类">优先权要求费</fee_name>
        <fee_amount name="金额">0</fee_amount>
      </fee>

      <fee seq="3">
        <fee_name name="费用种类">申请费</fee_name>
        <fee_amount name="金额">150</fee_amount>
      </fee>

      <fee seq="4">
        <fee_name name="费用种类">说明书附加费</fee_name>
        <fee_amount name="金额">0</fee_amount>
      </fee>
    </fee_info>

    <fee_total name="费用金额总计">150</fee_total>
  </fee_info_all>

  <cost_slow_rate_annul name="年费费减比例">70％</cost_slow_rate_annul>
  <cost_slow_rate_review name="复审费减比例">60％</cost_slow_rate_review>
  <examiner_name name="审查员">黄瑞宏(电子申请)</examiner_name>
  <department name="审查部门">专利局初审及流程管理部-15</department>
  <notice_template_code name="通知书模板代码">20002101</notice_template_code>
  <notice_version name="通知书版本号">2010.4</notice_version>
</cn_notice_info>