<?xml version="1.0" encoding="utf-8"?>
<!DOCTYPE dmh SYSTEM "20002202.dtd">
<cn_notice_info>
  <notice_name name="通知书名称">视为撤回通知书</notice_name>
  <postcode name="邮编">100088</postcode>
  <address_info name="收件人地址">北京市海淀区西土城路13号蓟门文体招待所1层2号 北京金智普华知识产权代理有限公司</address_info>
  <receiver_name name="收件人姓名">巴晓艳</receiver_name>
  <notice_sent name="通知书发文信息">
    <notice_sent_serial name="发文序列号">2016030100476620</notice_sent_serial>
    <notice_sent_date name="发文日期">20160304</notice_sent_date>
    <notice_sent_type name="发文类型">0</notice_sent_type>
  </notice_sent>

  <application_number name="申请号或专利号">2011100748131</application_number>
  <applicant_info name="申请人信息">
    <applicant_name seq="1" name="申请人名称">奇鋐科技股份有限公司</applicant_name>
  </applicant_info>

  <invention_title name="发明创造名称">散热模组及其制造方法</invention_title>
  <patent_agency name="代理机构信息">
    <agency_name name="代理机构名称">北京金智普华知识产权代理有限公司</agency_name>
    <agency_code name="代理机构代码">11401</agency_code>
    <agent_info seq="1" name="第一代理人信息">
      <agent_name name="代理人姓名">巴晓艳</agent_name>
      <agent_workid name="代理人工作证号">1140113224.0</agent_workid>
      <agent_phone name="代理人电话">010-62367180</agent_phone>
    </agent_info>

    <agent_info seq="2" name="第二代理人信息">
      <agent_name name="代理人姓名"/>
      <agent_workid name="代理人工作证号"/>
      <agent_phone name="代理人电话"/>
    </agent_info>
  </patent_agency>

  <overdue_mes>
    <overdue seq="1">
      <message name="逾期信息">上述专利申请，因申请人未在国家知识产权局于2015年10月14日发出的审查意见通知书规定的期限内答复，根据专利法第37条的规定，该申请被视为撤回。</message>
      <overdue_notice_sent_date name="通知书发送日期">20151014</overdue_notice_sent_date>
      <overdue_notice_name name="通知书名称">审查意见通知书</overdue_notice_name>
    </overdue>
  </overdue_mes>

  <examiner_name name="审查员">姚燕</examiner_name>
  <department name="审查部门">专利局初审及流程管理部</department>
  <phone name="联系电话">62356655</phone>
  <notice_template_code name="通知书模板代码">20002202</notice_template_code>
  <notice_version name="通知书版本号">2010.4</notice_version>
</cn_notice_info>

